Date,T2M,RH2M,WS10M,PRECTOTCORR,ALLSKY_SFC_SW_DWN,CLRSKY_SFC_SW_DWN,City
2018-01-01,-0.45,84.81,6.71,5.27,2.07,2.84,New York
2018-02-01,3.62,85.62,5.59,10.55,2.33,3.84,New York
2018-03-01,3.19,80.81,7.09,5.27,3.59,5.55,New York
2018-04-01,7.13,81.56,5.62,5.27,4.59,6.92,New York
2018-05-01,15.08,87.31,4.23,5.27,4.99,7.49,New York
2018-06-01,19.44,84.5,4.17,5.27,6.13,8.05,New York
2018-07-01,23.72,81.88,4.3,5.27,6.23,7.71,New York
2018-08-01,24.61,84.38,4.33,5.27,5.17,6.53,New York
2018-09-01,21.57,85.81,4.6,5.27,3.29,5.44,New York
2018-10-01,15.01,80.5,5.85,5.27,2.89,4.25,New York
2018-11-01,7.73,81.94,6.43,10.55,1.96,3.01,New York
2018-12-01,4.62,81.75,5.59,5.27,1.61,2.47,New York
,12.15,83.38,5.38,5.27,3.75,5.35,New York
2019-01-01,0.98,80.75,6.78,5.27,1.94,2.87,New York
2019-02-01,1.44,81.69,5.83,5.27,2.87,3.95,New York
2019-03-01,3.44,79.94,5.74,5.27,3.96,5.47,New York
2019-04-01,9.83,83.62,5.49,5.27,4.67,6.77,New York
2019-05-01,14.29,86.31,4.84,5.27,5.11,7.59,New York
2019-06-01,19.88,84.81,4.3,5.27,6.12,8.0,New York
2019-07-01,24.51,83.25,3.74,5.27,6.38,7.58,New York
2019-08-01,23.4,81.25,3.83,5.27,5.43,6.8,New York
2019-09-01,20.83,76.38,4.55,0.0,4.5,5.66,New York
2019-10-01,15.93,78.19,6.05,5.27,2.82,4.22,New York
2019-11-01,7.41,76.69,6.19,5.27,2.37,3.09,New York
2019-12-01,4.11,84.94,6.11,5.27,1.48,2.42,New York
,12.23,81.5,5.28,5.27,3.98,5.37,New York
2020-01-01,3.71,81.31,6.03,0.0,1.97,2.82,New York
2020-02-01,3.71,82.06,5.36,5.27,2.66,3.91,New York
2020-03-01,6.71,81.69,5.64,5.27,3.66,5.39,New York
2020-04-01,8.32,80.38,6.3,5.27,4.43,6.92,New York
2020-05-01,12.57,82.06,5.17,0.0,5.95,7.94,New York
2020-06-01,20.15,82.12,4.06,0.0,6.64,8.12,New York
2020-07-01,25.23,81.19,4.11,5.27,6.22,7.65,New York
2020-08-01,24.14,80.12,4.44,0.0,5.25,6.8,New York
2020-09-01,20.52,76.75,4.79,0.0,4.38,5.5,New York
2020-10-01,15.4,80.38,5.12,5.27,2.83,4.13,New York
2020-11-01,10.99,81.12,5.91,5.27,2.29,3.02,New York
2020-12-01,4.64,82.69,6.7,5.27,1.6,2.48,New York
,13.04,81.0,5.3,5.27,3.99,5.39,New York
2021-01-01,1.87,81.12,6.34,2.04,2.01,2.85,New York
2021-02-01,0.99,83.69,6.32,4.52,2.29,3.94,New York
2021-03-01,5.15,79.75,5.89,3.57,4.31,5.55,New York
2021-04-01,9.66,80.0,5.02,2.59,4.96,6.88,New York
2021-05-01,14.32,79.88,4.7,4.48,5.69,7.74,New York
2021-06-01,20.33,84.31,4.45,2.0,6.17,7.96,New York
2021-07-01,23.44,84.94,3.99,9.4,5.61,7.21,New York
2021-08-01,24.12,83.31,3.94,4.83,4.79,6.63,New York
2021-09-01,21.05,82.19,4.95,4.6,4.39,5.57,New York
2021-10-01,17.3,83.44,5.27,4.85,2.9,4.14,New York
2021-11-01,9.1,76.62,5.62,1.13,2.4,3.06,New York
2021-12-01,6.77,79.56,5.27,1.54,1.69,2.43,New York
,12.91,81.56,5.14,3.8,3.94,5.34,New York
2018-01-01,14.85,52.0,2.99,0.0,3.19,3.76,Los Angeles
2018-02-01,12.83,52.19,2.97,0.0,4.66,4.99,Los Angeles
2018-03-01,13.38,64.19,2.88,5.27,4.92,6.34,Los Angeles
2018-04-01,15.92,58.12,2.9,0.0,6.94,7.67,Los Angeles
2018-05-01,16.65,68.38,2.82,0.0,6.84,8.33,Los Angeles
2018-06-01,20.06,56.38,2.55,0.0,8.22,8.75,Los Angeles
2018-07-01,25.66,48.0,2.48,0.0,7.72,8.12,Los Angeles
2018-08-01,24.45,50.31,2.35,0.0,7.43,7.6,Los Angeles
2018-09-01,22.3,51.38,2.22,0.0,6.56,6.71,Los Angeles
2018-10-01,19.51,55.88,2.48,0.0,4.88,5.26,Los Angeles
2018-11-01,16.55,50.25,2.99,0.0,3.69,4.04,Los Angeles
2018-12-01,12.44,62.62,3.02,0.0,2.95,3.45,Los Angeles
,17.91,55.88,2.72,0.0,5.67,6.26,Los Angeles
2019-01-01,11.8,71.0,3.35,5.27,2.94,3.76,Los Angeles
2019-02-01,9.12,77.88,3.8,5.27,3.62,4.91,Los Angeles
2019-03-01,12.62,76.25,3.05,5.27,5.18,6.31,Los Angeles
2019-04-01,15.57,71.0,2.84,0.0,6.46,7.61,Los Angeles
2019-05-01,15.0,77.0,2.9,0.0,6.51,8.35,Los Angeles
2019-06-01,19.37,66.69,2.27,0.0,7.67,8.7,Los Angeles
2019-07-01,22.73,51.69,2.3,0.0,8.05,8.48,Los Angeles
2019-08-01,23.99,42.94,2.23,0.0,7.71,7.83,Los Angeles
2019-09-01,23.08,53.12,2.46,0.0,6.23,6.63,Los Angeles
2019-10-01,19.76,42.12,2.95,0.0,5.34,5.41,Los Angeles
2019-11-01,16.46,49.38,2.62,0.0,3.62,4.05,Los Angeles
2019-12-01,11.48,70.06,3.2,5.27,2.54,3.4,Los Angeles
,16.79,62.31,2.83,0.0,5.5,6.29,Los Angeles
2020-01-01,11.98,67.75,2.96,0.0,3.39,3.8,Los Angeles
2020-02-01,13.34,60.44,2.98,0.0,4.66,4.92,Los Angeles
2020-03-01,12.24,75.25,3.08,5.27,4.49,6.28,Los Angeles
2020-04-01,15.57,72.75,2.95,5.27,6.04,7.53,Los Angeles
2020-05-01,18.78,62.94,2.7,0.0,7.99,8.49,Los Angeles
2020-06-01,20.11,59.62,2.87,0.0,7.95,8.73,Los Angeles
2020-07-01,22.38,52.06,2.27,0.0,8.48,8.59,Los Angeles
2020-08-01,25.28,48.5,2.34,0.0,7.24,7.56,Los Angeles
2020-09-01,24.82,42.0,2.16,0.0,6.11,6.35,Los Angeles
2020-10-01,21.96,47.0,2.42,0.0,4.86,5.15,Los Angeles
2020-11-01,15.73,49.75,2.81,0.0,3.81,4.05,Los Angeles
2020-12-01,13.19,46.62,3.52,0.0,3.05,3.5,Los Angeles
,17.96,57.06,2.76,0.0,5.67,6.25,Los Angeles
2021-01-01,12.47,54.88,3.81,1.53,3.26,3.8,Los Angeles
2021-02-01,12.78,55.19,3.44,0.0,4.67,5.03,Los Angeles
2021-03-01,12.25,60.81,3.13,1.02,5.68,6.46,Los Angeles
2021-04-01,16.12,58.12,2.8,0.04,7.02,7.76,Los Angeles
2021-05-01,17.59,60.88,2.72,0.04,7.9,8.46,Los Angeles
2021-06-01,21.71,50.0,2.54,0.01,8.2,8.65,Los Angeles
2021-07-01,24.28,45.81,2.36,0.07,7.69,8.17,Los Angeles
2021-08-01,24.01,48.19,2.34,0.03,7.17,7.54,Los Angeles
2021-09-01,22.5,50.88,2.23,0.04,6.22,6.47,Los Angeles
2021-10-01,18.26,54.56,2.77,0.68,4.74,5.26,Los Angeles
2021-11-01,17.51,49.5,2.65,0.0,3.82,4.06,Los Angeles
2021-12-01,11.58,67.81,3.08,7.56,2.62,3.44,Los Angeles
,17.61,54.75,2.82,0.94,5.75,6.26,Los Angeles
2018-01-01,-3.38,86.81,7.39,0.0,1.89,2.81,Chicago
2018-02-01,-2.4,85.12,6.02,5.27,2.19,3.87,Chicago
2018-03-01,0.96,78.5,5.66,0.0,4.09,5.51,Chicago
2018-04-01,3.11,77.88,5.5,0.0,4.96,6.95,Chicago
2018-05-01,14.24,84.75,4.34,5.27,5.68,7.57,Chicago
2018-06-01,18.41,86.75,4.49,5.27,5.75,7.91,Chicago
2018-07-01,22.58,79.69,4.0,0.0,6.38,7.77,Chicago
2018-08-01,23.51,79.25,4.27,5.27,5.21,6.51,Chicago
2018-09-01,20.11,79.0,4.97,0.0,4.43,5.64,Chicago
2018-10-01,12.01,79.06,6.28,5.27,2.94,4.19,Chicago
2018-11-01,3.08,81.75,6.33,0.0,1.63,2.97,Chicago
2018-12-01,1.48,85.06,5.78,0.0,1.62,2.4,Chicago
,9.55,81.94,5.41,5.27,3.91,5.35,Chicago
2019-01-01,-3.64,87.31,7.25,0.0,1.44,2.82,Chicago
2019-02-01,-3.0,86.94,6.72,0.0,2.18,3.89,Chicago
2019-03-01,0.12,81.19,5.76,0.0,3.67,5.46,Chicago
2019-04-01,6.95,82.19,5.94,5.27,4.58,6.79,Chicago
2019-05-01,11.22,84.94,4.96,5.27,4.88,7.58,Chicago
2019-06-01,15.88,86.31,4.34,5.27,5.72,7.94,Chicago
2019-07-01,22.7,82.44,4.2,5.27,6.6,7.71,Chicago
2019-08-01,22.37,77.5,4.21,0.0,5.61,6.9,Chicago
2019-09-01,19.94,83.56,4.91,5.27,3.89,5.48,Chicago
2019-10-01,11.2,81.06,6.1,5.27,2.83,4.23,Chicago
2019-11-01,2.51,82.75,6.33,0.0,1.88,2.97,Chicago
2019-12-01,1.68,86.62,6.59,0.0,1.61,2.38,Chicago
,9.07,83.56,5.6,5.27,3.75,5.35,Chicago
2020-01-01,-0.19,85.44,6.53,5.27,1.4,2.72,Chicago
2020-02-01,-1.42,82.75,6.77,0.0,2.48,3.96,Chicago
2020-03-01,3.06,84.44,5.89,0.0,3.03,5.38,Chicago
2020-04-01,6.05,81.81,5.33,5.27,4.77,6.97,Chicago
2020-05-01,11.26,83.81,4.84,5.27,5.56,7.88,Chicago
2020-06-01,19.24,80.56,4.26,5.27,6.59,8.12,Chicago
2020-07-01,24.36,78.31,4.08,0.0,6.45,7.8,Chicago
2020-08-01,23.32,73.06,3.97,0.0,6.02,6.95,Chicago
2020-09-01,18.67,76.19,5.84,5.27,4.11,5.32,Chicago
2020-10-01,10.98,74.81,6.2,0.0,2.89,4.11,Chicago
2020-11-01,7.31,76.88,7.07,0.0,2.3,2.95,Chicago
2020-12-01,1.22,80.75,6.32,0.0,1.65,2.4,Chicago
,10.36,79.88,5.59,0.0,3.94,5.38,Chicago
2021-01-01,-0.6,82.81,6.12,1.36,1.46,2.76,Chicago
2021-02-01,-4.74,87.62,6.38,0.57,2.61,4.07,Chicago
2021-03-01,3.88,78.38,6.13,0.85,4.09,5.45,Chicago
2021-04-01,7.91,77.31,4.99,1.25,4.96,6.86,Chicago
2021-05-01,12.83,75.38,4.88,2.07,5.45,7.78,Chicago
2021-06-01,20.83,77.25,4.15,5.25,6.03,7.94,Chicago
2021-07-01,22.1,78.5,4.34,1.33,5.44,7.18,Chicago
2021-08-01,24.37,74.56,3.81,2.9,5.7,6.63,Chicago
2021-09-01,20.76,70.5,5.66,1.35,4.66,5.51,Chicago
2021-10-01,15.95,79.38,5.68,5.55,2.53,4.05,Chicago
2021-11-01,6.04,75.81,7.0,0.72,2.08,2.95,Chicago
2021-12-01,3.52,79.69,6.94,2.07,1.6,2.34,Chicago
,11.17,78.06,5.5,2.12,3.89,5.3,Chicago
2018-01-01,7.63,75.31,3.55,0.0,3.14,4.24,Houston
2018-02-01,15.5,86.31,3.58,5.27,2.5,4.79,Houston
2018-03-01,18.05,76.75,3.88,5.27,4.88,6.26,Houston
2018-04-01,18.65,72.12,3.9,0.0,5.64,7.37,Houston
2018-05-01,26.69,68.06,3.12,0.0,6.61,7.79,Houston
2018-06-01,29.14,70.38,3.52,5.27,6.49,7.82,Houston
2018-07-01,29.35,67.81,2.42,5.27,6.51,7.57,Houston
2018-08-01,29.55,68.06,2.7,0.0,6.01,7.17,Houston
2018-09-01,26.39,83.25,2.45,5.27,3.7,6.12,Houston
2018-10-01,21.37,84.75,3.28,5.27,3.94,5.27,Houston
2018-11-01,13.28,81.88,3.48,5.27,3.01,4.3,Houston
2018-12-01,11.74,82.69,3.62,5.27,2.71,3.83,Houston
,20.64,76.38,3.29,5.27,4.61,6.05,Houston
2019-01-01,10.02,83.5,3.51,5.27,3.17,4.17,Houston
2019-02-01,13.71,85.56,3.64,0.0,2.47,4.84,Houston
2019-03-01,15.34,78.94,3.7,0.0,3.96,6.2,Houston
2019-04-01,19.68,78.56,4.07,0.0,5.36,7.17,Houston
2019-05-01,24.87,81.12,3.92,5.27,5.41,7.46,Houston
2019-06-01,27.69,76.38,2.85,5.27,6.04,7.75,Houston
2019-07-01,28.94,71.06,2.9,0.0,6.46,7.71,Houston
2019-08-01,30.86,66.25,2.47,0.0,5.62,7.03,Houston
2019-09-01,28.69,70.88,3.09,5.27,5.32,6.35,Houston
2019-10-01,21.3,74.81,3.4,5.27,4.41,5.3,Houston
2019-11-01,14.08,79.06,3.33,0.0,3.06,4.25,Houston
2019-12-01,12.53,74.62,3.27,0.0,3.19,3.85,Houston
,20.68,76.69,3.34,5.27,4.55,6.01,Houston
2020-01-01,13.23,80.38,3.48,5.27,2.76,4.08,Houston
2020-02-01,12.62,77.81,3.76,0.0,3.55,5.05,Houston
2020-03-01,20.4,80.5,3.8,0.0,3.97,6.11,Houston
2020-04-01,20.87,75.06,3.6,0.0,5.08,7.06,Houston
2020-05-01,24.62,72.81,3.41,5.27,6.3,7.77,Houston
2020-06-01,27.62,71.12,3.22,5.27,6.26,7.87,Houston
2020-07-01,28.88,74.81,3.01,0.0,6.06,7.58,Houston
2020-08-01,29.75,67.19,2.66,0.0,6.39,7.2,Houston
2020-09-01,26.23,73.75,3.45,5.27,4.62,6.2,Houston
2020-10-01,21.65,73.94,3.07,0.0,4.44,5.27,Houston
2020-11-01,18.56,73.62,3.17,0.0,3.67,4.34,Houston
2020-12-01,11.8,79.19,3.53,5.27,2.85,3.81,Houston
,21.37,75.0,3.34,0.0,4.67,6.03,Houston
2021-01-01,10.87,80.12,3.55,1.53,3.24,4.16,Houston
2021-02-01,9.24,81.31,3.88,1.13,3.15,5.08,Houston
2021-03-01,17.06,76.19,3.91,1.02,4.54,6.26,Houston
2021-04-01,20.55,70.19,4.01,3.62,4.71,7.01,Houston
2021-05-01,23.73,83.12,3.7,7.05,5.06,7.56,Houston
2021-06-01,27.05,81.94,2.63,4.9,6.01,7.72,Houston
2021-07-01,27.29,82.31,2.25,4.5,5.68,7.43,Houston
2021-08-01,28.69,75.5,2.38,1.97,5.77,7.04,Houston
2021-09-01,26.57,70.62,2.71,3.76,5.15,6.34,Houston
2021-10-01,22.86,73.75,2.96,3.34,4.58,5.34,Houston
2021-11-01,15.62,77.06,3.05,1.92,3.63,4.34,Houston
2021-12-01,18.21,83.31,3.48,1.51,2.71,3.67,Houston
,20.72,77.94,3.2,3.03,4.53,6.0,Houston
2018-01-01,14.43,30.38,3.42,0.0,3.66,3.96,Phoenix
2018-02-01,13.98,35.94,2.77,0.0,4.43,5.07,Phoenix
2018-03-01,17.22,29.38,2.82,0.0,5.81,6.5,Phoenix
2018-04-01,23.69,15.88,3.34,0.0,7.24,7.77,Phoenix
2018-05-01,26.86,17.75,3.23,0.0,8.29,8.6,Phoenix
2018-06-01,32.09,15.56,2.95,0.0,8.3,8.81,Phoenix
2018-07-01,34.15,33.38,2.87,0.0,7.46,8.06,Phoenix
2018-08-01,32.91,38.19,2.3,0.0,7.07,7.39,Phoenix
2018-09-01,31.79,27.75,2.45,0.0,6.25,6.56,Phoenix
2018-10-01,21.42,53.75,3.1,5.27,4.57,5.24,Phoenix
2018-11-01,15.49,37.94,2.81,0.0,3.96,4.19,Phoenix
2018-12-01,11.4,46.06,2.75,0.0,3.05,3.58,Phoenix
,23.0,31.88,2.91,0.0,5.85,6.31,Phoenix
2019-01-01,11.26,51.19,2.75,0.0,3.49,3.94,Phoenix
2019-02-01,10.06,54.44,2.89,5.27,4.15,5.1,Phoenix
2019-03-01,16.37,46.56,3.01,0.0,5.81,6.49,Phoenix
2019-04-01,21.4,34.56,3.18,0.0,7.13,7.74,Phoenix
2019-05-01,22.56,31.88,3.01,0.0,7.75,8.47,Phoenix
2019-06-01,31.19,15.62,3.05,0.0,8.46,8.8,Phoenix
2019-07-01,34.58,21.38,3.15,0.0,7.64,8.27,Phoenix
2019-08-01,34.54,26.88,2.7,0.0,7.22,7.6,Phoenix
2019-09-01,29.92,35.88,2.66,0.0,6.12,6.52,Phoenix
2019-10-01,22.27,25.0,3.18,0.0,5.49,5.48,Phoenix
2019-11-01,17.47,37.69,3.34,0.0,3.7,4.09,Phoenix
2019-12-01,10.95,57.06,2.98,0.0,2.81,3.55,Phoenix
,21.94,36.44,2.99,0.0,5.82,6.34,Phoenix
2020-01-01,11.61,49.25,2.77,0.0,3.64,3.94,Phoenix
2020-02-01,12.61,45.62,2.98,0.0,4.68,5.08,Phoenix
2020-03-01,15.79,52.69,2.76,0.0,5.44,6.44,Phoenix
2020-04-01,20.69,37.88,3.01,0.0,7.45,7.77,Phoenix
2020-05-01,27.79,22.31,3.23,0.0,8.39,8.62,Phoenix
2020-06-01,31.59,14.44,3.44,0.0,8.54,8.87,Phoenix
2020-07-01,35.47,21.25,3.05,0.0,7.84,8.3,Phoenix
2020-08-01,35.66,25.0,2.88,0.0,7.05,7.37,Phoenix
2020-09-01,31.47,20.75,2.92,0.0,6.28,6.43,Phoenix
2020-10-01,25.76,17.44,2.84,0.0,5.25,5.37,Phoenix
2020-11-01,18.56,25.25,3.12,0.0,3.93,4.15,Phoenix
2020-12-01,11.37,31.31,3.23,0.0,3.35,3.66,Phoenix
,23.23,30.25,3.02,0.0,5.99,6.34,Phoenix
2021-01-01,11.51,38.0,3.15,0.85,3.39,3.95,Phoenix
2021-02-01,13.55,33.12,2.95,0.0,4.92,5.19,Phoenix
2021-03-01,15.33,32.94,3.36,0.17,5.97,6.57,Phoenix
2021-04-01,22.92,18.69,3.52,0.08,7.42,7.81,Phoenix
2021-05-01,26.64,14.44,3.25,0.02,8.42,8.69,Phoenix
2021-06-01,33.83,14.75,3.37,0.08,8.1,8.57,Phoenix
2021-07-01,32.73,43.06,2.48,3.4,6.63,7.87,Phoenix
2021-08-01,32.06,42.88,2.3,2.49,6.83,7.42,Phoenix
2021-09-01,29.83,40.0,2.27,1.27,5.82,6.38,Phoenix
2021-10-01,22.04,34.88,2.98,0.31,5.09,5.36,Phoenix
2021-11-01,20.05,25.56,2.98,0.01,3.92,4.13,Phoenix
2021-12-01,13.4,47.12,2.62,2.24,2.97,3.56,Phoenix
,22.86,32.19,2.94,0.92,5.79,6.3,Phoenix
2018-01-01,-2.06,80.5,4.17,0.0,2.18,3.0,Philadelphia
2018-02-01,3.63,85.5,3.78,5.27,2.4,3.95,Philadelphia
2018-03-01,2.62,80.56,4.67,5.27,3.98,5.66,Philadelphia
2018-04-01,8.58,76.75,4.16,5.27,4.88,7.02,Philadelphia
2018-05-01,18.34,82.44,3.07,5.27,5.13,7.53,Philadelphia
2018-06-01,21.26,80.5,2.97,5.27,5.98,8.03,Philadelphia
2018-07-01,24.19,77.94,2.84,5.27,6.32,7.79,Philadelphia
2018-08-01,24.45,83.56,2.69,5.27,5.63,6.72,Philadelphia
2018-09-01,21.47,86.44,2.8,5.27,3.51,5.59,Philadelphia
2018-10-01,13.53,82.94,3.36,0.0,3.21,4.41,Philadelphia
2018-11-01,5.17,84.56,3.84,5.27,2.21,3.18,Philadelphia
2018-12-01,2.7,88.5,3.41,5.27,1.73,2.59,Philadelphia
,12.04,82.5,3.48,5.27,3.94,5.46,Philadelphia
2019-01-01,-0.9,84.62,4.23,5.27,1.96,3.0,Philadelphia
2019-02-01,0.33,86.31,3.7,0.0,2.78,4.05,Philadelphia
2019-03-01,3.28,82.88,3.98,5.27,4.14,5.61,Philadelphia
2019-04-01,12.22,80.44,4.15,5.27,5.07,6.85,Philadelphia
2019-05-01,17.19,83.06,3.4,5.27,5.42,7.66,Philadelphia
2019-06-01,21.4,80.31,3.06,5.27,6.52,8.01,Philadelphia
2019-07-01,24.97,80.31,2.3,5.27,6.73,7.68,Philadelphia
2019-08-01,23.49,79.38,2.31,0.0,5.59,6.9,Philadelphia
2019-09-01,21.3,70.31,2.75,0.0,4.76,5.77,Philadelphia
2019-10-01,15.56,72.06,3.62,0.0,3.02,4.35,Philadelphia
2019-11-01,4.55,74.62,3.55,0.0,2.55,3.25,Philadelphia
2019-12-01,2.0,86.62,3.41,5.27,1.66,2.56,Philadelphia
,12.18,80.06,3.37,5.27,4.19,5.48,Philadelphia
2020-01-01,2.15,82.25,3.8,0.0,2.1,2.96,Philadelphia
2020-02-01,3.23,81.38,3.67,0.0,2.77,4.08,Philadelphia
2020-03-01,7.51,80.25,3.74,5.27,3.6,5.53,Philadelphia
2020-04-01,9.08,76.5,4.51,5.27,4.53,6.96,Philadelphia
2020-05-01,14.55,76.75,3.78,0.0,5.68,7.93,Philadelphia
2020-06-01,21.67,77.19,2.98,0.0,6.77,8.15,Philadelphia
2020-07-01,26.34,74.25,2.47,5.27,6.46,7.66,Philadelphia
2020-08-01,24.29,79.75,2.68,5.27,5.24,6.81,Philadelphia
2020-09-01,19.59,75.31,2.79,5.27,4.33,5.57,Philadelphia
2020-10-01,14.27,80.62,3.04,5.27,3.17,4.29,Philadelphia
2020-11-01,9.16,82.31,3.52,5.27,2.51,3.16,Philadelphia
2020-12-01,1.69,87.12,3.81,5.27,1.79,2.62,Philadelphia
,12.83,79.5,3.4,5.27,4.08,5.48,Philadelphia
2021-01-01,-0.06,84.75,3.6,1.53,2.11,2.99,Philadelphia
2021-02-01,-0.87,87.75,4.09,4.14,2.44,4.1,Philadelphia
2021-03-01,5.86,78.81,4.11,3.23,4.33,5.64,Philadelphia
2021-04-01,10.91,77.69,3.75,1.94,5.22,6.96,Philadelphia
2021-05-01,15.9,75.38,3.2,3.16,5.81,7.78,Philadelphia
2021-06-01,22.01,80.5,2.91,2.89,6.42,8.03,Philadelphia
2021-07-01,24.86,77.12,2.46,4.41,6.2,7.38,Philadelphia
2021-08-01,24.99,77.56,2.48,4.7,5.08,6.71,Philadelphia
2021-09-01,20.55,81.25,3.14,5.79,4.63,5.69,Philadelphia
2021-10-01,16.41,83.25,3.16,3.55,3.15,4.33,Philadelphia
2021-11-01,6.12,79.69,3.27,0.91,2.6,3.24,Philadelphia
2021-12-01,4.68,82.62,3.17,1.05,1.82,2.58,Philadelphia
,12.7,80.5,3.27,3.1,4.16,5.46,Philadelphia
2018-01-01,8.18,63.25,3.94,0.0,3.18,4.34,San Antonio
2018-02-01,14.22,74.94,4.36,0.0,2.44,4.97,San Antonio
2018-03-01,18.67,64.38,4.49,0.0,4.82,6.43,San Antonio
2018-04-01,19.85,60.44,4.57,0.0,5.68,7.44,San Antonio
2018-05-01,26.87,62.31,4.28,0.0,6.69,7.91,San Antonio
2018-06-01,29.73,61.25,5.11,0.0,6.73,8.01,San Antonio
2018-07-01,29.75,59.44,3.6,0.0,7.02,7.82,San Antonio
2018-08-01,29.7,59.25,4.02,0.0,6.6,7.36,San Antonio
2018-09-01,25.23,81.75,3.39,10.55,4.28,6.35,San Antonio
2018-10-01,19.81,84.38,4.15,5.27,3.5,5.34,San Antonio
2018-11-01,12.48,75.56,3.89,0.0,3.14,4.44,San Antonio
2018-12-01,10.8,73.56,4.4,0.0,2.93,3.96,San Antonio
,20.48,68.31,4.18,0.0,4.77,6.2,San Antonio
2019-01-01,9.87,75.94,3.84,0.0,3.07,4.28,San Antonio
2019-02-01,13.08,76.19,3.95,0.0,3.1,5.21,San Antonio
2019-03-01,15.81,67.25,4.53,0.0,4.26,6.37,San Antonio
2019-04-01,20.63,66.0,4.74,5.27,5.82,7.43,San Antonio
2019-05-01,24.8,74.69,5.03,5.27,5.06,7.54,San Antonio
2019-06-01,27.96,69.62,3.8,5.27,6.35,7.96,San Antonio
2019-07-01,29.18,61.12,4.05,0.0,7.17,7.9,San Antonio
2019-08-01,32.04,52.25,3.98,0.0,6.69,7.32,San Antonio
2019-09-01,29.88,57.56,4.07,0.0,5.75,6.48,San Antonio
2019-10-01,21.91,58.25,4.34,0.0,4.38,5.45,San Antonio
2019-11-01,14.3,70.38,3.79,0.0,3.04,4.32,San Antonio
2019-12-01,12.21,64.06,3.73,0.0,3.34,3.99,San Antonio
,21.01,66.06,4.16,0.0,4.85,6.19,San Antonio
2020-01-01,13.22,69.25,4.02,0.0,3.1,4.24,San Antonio
2020-02-01,12.15,66.06,4.57,0.0,3.69,5.29,San Antonio
2020-03-01,20.16,71.25,4.27,0.0,3.75,6.2,San Antonio
2020-04-01,20.88,67.12,4.42,0.0,5.27,7.34,San Antonio
2020-05-01,24.76,68.56,4.37,5.27,6.42,7.85,San Antonio
2020-06-01,27.09,67.56,4.04,0.0,6.59,8.02,San Antonio
2020-07-01,30.3,59.94,4.4,0.0,6.84,7.82,San Antonio
2020-08-01,30.79,54.81,3.72,0.0,6.79,7.39,San Antonio
2020-09-01,24.94,70.12,4.26,5.27,4.77,6.29,San Antonio
2020-10-01,21.96,61.69,3.95,0.0,4.63,5.41,San Antonio
2020-11-01,18.37,61.0,3.78,0.0,3.64,4.42,San Antonio
2020-12-01,11.41,62.75,4.16,0.0,3.35,4.01,San Antonio
,21.37,65.0,4.16,0.0,4.91,6.19,San Antonio
2021-01-01,10.67,68.5,4.14,0.51,3.38,4.29,San Antonio
2021-02-01,9.3,70.31,4.45,0.75,3.39,5.17,San Antonio
2021-03-01,17.4,62.56,5.01,0.34,5.0,6.5,San Antonio
2021-04-01,21.44,57.12,4.93,1.54,4.88,7.25,San Antonio
2021-05-01,23.47,78.88,4.5,5.99,5.28,7.7,San Antonio
2021-06-01,26.7,76.94,3.64,2.85,6.22,7.86,San Antonio
2021-07-01,27.06,76.0,3.54,3.96,6.12,7.62,San Antonio
2021-08-01,28.33,71.06,3.49,2.16,6.31,7.24,San Antonio
2021-09-01,27.85,56.75,3.22,2.04,5.98,6.51,San Antonio
2021-10-01,22.55,69.62,3.73,3.74,4.76,5.45,San Antonio
2021-11-01,15.71,70.69,3.76,1.4,3.52,4.39,San Antonio
2021-12-01,16.87,75.5,3.58,0.5,2.76,3.82,San Antonio
,20.68,69.56,3.99,2.16,4.81,6.16,San Antonio
2018-01-01,15.11,56.75,3.23,0.0,3.24,3.9,San Diego
2018-02-01,13.22,59.75,3.2,0.0,4.44,5.02,San Diego
2018-03-01,13.8,67.12,2.97,0.0,5.17,6.35,San Diego
2018-04-01,15.68,62.81,3.13,0.0,6.32,7.57,San Diego
2018-05-01,15.86,69.38,3.55,0.0,5.71,8.22,San Diego
2018-06-01,18.87,61.5,2.92,0.0,6.13,8.63,San Diego
2018-07-01,24.73,55.25,2.52,0.0,6.4,7.99,San Diego
2018-08-01,24.2,59.25,2.74,0.0,6.47,7.45,San Diego
2018-09-01,21.59,57.38,2.53,0.0,5.14,6.69,San Diego
2018-10-01,19.26,61.69,2.65,0.0,4.43,5.3,San Diego
2018-11-01,16.67,54.06,3.31,0.0,3.6,4.14,San Diego
2018-12-01,12.83,69.38,2.95,0.0,2.98,3.56,San Diego
,17.68,61.25,2.98,0.0,5.0,6.24,San Diego
2019-01-01,12.14,68.94,3.57,0.0,3.24,3.9,San Diego
2019-02-01,10.14,74.38,4.2,5.27,3.98,4.98,San Diego
2019-03-01,12.84,76.12,3.23,0.0,5.2,6.34,San Diego
2019-04-01,15.7,71.0,3.12,0.0,6.05,7.55,San Diego
2019-05-01,14.76,77.88,3.73,0.0,5.94,8.18,San Diego
2019-06-01,18.16,68.31,2.52,0.0,4.88,8.5,San Diego
2019-07-01,21.9,53.81,2.66,0.0,5.86,8.3,San Diego
2019-08-01,23.15,49.19,2.41,0.0,6.08,7.71,San Diego
2019-09-01,22.3,59.56,2.73,0.0,5.71,6.58,San Diego
2019-10-01,19.15,50.25,3.29,0.0,5.22,5.47,San Diego
2019-11-01,16.68,55.62,2.77,5.27,3.55,4.11,San Diego
2019-12-01,11.94,71.94,3.38,5.27,2.73,3.54,San Diego
,16.61,64.69,3.13,0.0,4.88,6.27,San Diego
2020-01-01,12.27,69.56,2.86,0.0,3.41,3.93,San Diego
2020-02-01,12.85,62.31,3.25,0.0,4.39,5.05,San Diego
2020-03-01,12.6,76.56,3.48,5.27,5.06,6.34,San Diego
2020-04-01,15.28,74.19,3.32,0.0,5.74,7.49,San Diego
2020-05-01,18.32,69.38,2.94,0.0,7.07,8.35,San Diego
2020-06-01,18.45,69.56,2.98,10.55,6.14,8.57,San Diego
2020-07-01,21.33,59.31,2.59,0.0,7.0,8.41,San Diego
2020-08-01,24.2,54.62,2.63,0.0,6.2,7.49,San Diego
2020-09-01,24.4,48.62,2.32,0.0,5.61,6.24,San Diego
2020-10-01,21.23,54.44,2.3,0.0,4.43,5.21,San Diego
2020-11-01,15.76,59.19,2.77,0.0,3.78,4.16,San Diego
2020-12-01,13.08,52.81,3.66,0.0,3.08,3.61,San Diego
,17.5,62.56,2.92,0.0,5.16,6.24,San Diego
2021-01-01,12.72,59.12,3.83,1.36,3.39,3.93,San Diego
2021-02-01,12.75,65.12,3.12,0.0,4.44,5.07,San Diego
2021-03-01,12.09,69.31,3.7,1.53,5.74,6.43,San Diego
2021-04-01,15.01,67.56,3.14,0.14,6.2,7.59,San Diego
2021-05-01,16.07,66.75,3.05,0.04,5.9,8.32,San Diego
2021-06-01,20.52,56.44,2.84,0.03,5.73,8.43,San Diego
2021-07-01,23.65,52.69,2.69,0.21,6.36,8.03,San Diego
2021-08-01,23.55,55.94,2.7,0.16,6.04,7.46,San Diego
2021-09-01,22.05,57.69,2.52,0.11,5.52,6.47,San Diego
2021-10-01,18.05,61.5,2.91,0.55,4.54,5.31,San Diego
2021-11-01,17.6,53.81,2.52,0.01,3.45,4.15,San Diego
2021-12-01,12.21,72.69,3.43,3.12,2.58,3.52,San Diego
,17.21,61.56,3.04,0.62,4.99,6.23,San Diego
2018-01-01,4.91,64.31,5.09,0.0,3.24,4.0,Dallas
2018-02-01,8.64,77.94,4.95,10.55,2.37,4.66,Dallas
2018-03-01,14.8,72.44,4.93,0.0,4.91,6.22,Dallas
2018-04-01,15.48,68.25,5.29,0.0,5.8,7.34,Dallas
2018-05-01,25.59,67.5,4.25,0.0,6.41,7.79,Dallas
2018-06-01,30.5,56.38,4.95,0.0,6.95,7.95,Dallas
2018-07-01,32.48,47.0,3.57,0.0,6.65,7.66,Dallas
2018-08-01,29.48,60.06,3.96,0.0,6.23,7.09,Dallas
2018-09-01,25.52,77.75,3.18,5.27,4.31,6.16,Dallas
2018-10-01,18.12,83.38,4.0,10.55,3.31,5.06,Dallas
2018-11-01,9.66,78.25,4.62,0.0,3.18,4.14,Dallas
2018-12-01,7.7,81.62,4.7,5.27,2.54,3.54,Dallas
,18.64,69.5,4.45,5.27,4.67,5.97,Dallas
2019-01-01,5.79,79.25,4.8,0.0,2.72,3.9,Dallas
2019-02-01,9.0,80.69,4.82,0.0,2.61,4.82,Dallas
2019-03-01,11.73,72.75,4.97,0.0,4.57,6.22,Dallas
2019-04-01,17.71,76.81,5.12,5.27,5.33,7.22,Dallas
2019-05-01,22.46,81.56,4.73,5.27,5.44,7.67,Dallas
2019-06-01,25.73,80.5,3.88,5.27,6.34,7.92,Dallas
2019-07-01,28.61,67.69,4.18,0.0,7.15,7.82,Dallas
2019-08-01,31.29,58.25,3.59,0.0,6.06,7.07,Dallas
2019-09-01,29.87,56.19,4.11,0.0,5.73,6.22,Dallas
2019-10-01,19.1,61.0,4.91,5.27,4.07,5.14,Dallas
2019-11-01,11.0,72.69,4.45,0.0,3.06,4.05,Dallas
2019-12-01,8.64,73.31,4.12,0.0,2.96,3.57,Dallas
,18.46,71.62,4.47,0.0,4.68,5.97,Dallas
2020-01-01,8.95,77.62,4.78,5.27,2.49,3.8,Dallas
2020-02-01,8.41,74.31,5.22,5.27,3.34,4.89,Dallas
2020-03-01,16.35,81.62,4.83,5.27,3.47,5.99,Dallas
2020-04-01,16.8,76.06,4.65,0.0,5.28,7.24,Dallas
2020-05-01,22.01,77.38,4.7,5.27,6.16,7.88,Dallas
2020-06-01,26.86,68.5,4.17,5.27,6.97,8.05,Dallas
2020-07-01,29.84,66.5,3.75,0.0,6.65,7.69,Dallas
2020-08-01,30.44,54.56,3.7,0.0,6.77,7.23,Dallas
2020-09-01,23.81,73.88,3.91,5.27,4.49,5.97,Dallas
2020-10-01,18.36,65.25,4.5,0.0,4.08,5.07,Dallas
2020-11-01,14.79,67.62,4.49,0.0,3.32,4.06,Dallas
2020-12-01,8.14,68.62,4.72,5.27,2.76,3.59,Dallas
,18.76,71.0,4.45,5.27,4.65,5.96,Dallas
2021-01-01,7.18,75.0,4.6,0.51,2.89,3.9,Dallas
2021-02-01,4.14,73.0,5.34,1.13,2.98,4.88,Dallas
2021-03-01,14.78,67.44,5.49,1.53,4.84,6.24,Dallas
2021-04-01,17.34,66.69,4.98,3.44,5.0,7.18,Dallas
2021-05-01,21.26,81.81,4.3,6.33,4.75,7.69,Dallas
2021-06-01,26.18,79.19,3.54,2.58,6.29,7.89,Dallas
2021-07-01,28.65,69.44,3.2,1.84,6.37,7.53,Dallas
2021-08-01,29.17,66.31,3.67,3.16,6.09,7.04,Dallas
2021-09-01,27.52,50.5,3.39,0.62,5.61,6.19,Dallas
2021-10-01,21.53,62.0,4.6,2.3,4.47,5.16,Dallas
2021-11-01,13.02,67.69,4.49,1.78,3.49,4.07,Dallas
2021-12-01,14.57,71.31,4.72,0.35,2.53,3.43,Dallas
,18.87,69.19,4.36,2.14,4.62,5.94,Dallas
2018-01-01,8.58,79.06,2.56,5.27,3.12,4.06,Jacksonville
2018-02-01,17.62,86.44,2.23,0.0,3.76,4.89,Jacksonville
2018-03-01,15.22,67.31,2.72,0.0,5.31,6.35,Jacksonville
2018-04-01,19.45,73.88,2.69,5.27,5.89,7.33,Jacksonville
2018-05-01,24.14,78.0,2.16,5.27,5.74,7.8,Jacksonville
2018-06-01,26.76,81.0,1.59,5.27,6.42,7.83,Jacksonville
2018-07-01,27.19,82.81,1.75,5.27,5.63,7.63,Jacksonville
2018-08-01,27.15,82.44,1.6,5.27,6.03,7.17,Jacksonville
2018-09-01,27.21,80.38,1.85,0.0,5.57,6.35,Jacksonville
2018-10-01,23.65,73.88,2.43,0.0,4.33,5.26,Jacksonville
2018-11-01,16.72,81.44,2.12,5.27,3.06,4.16,Jacksonville
2018-12-01,13.56,87.94,2.3,5.27,2.58,3.66,Jacksonville
,20.61,79.5,2.16,5.27,4.79,6.05,Jacksonville
2019-01-01,11.58,83.25,2.32,5.27,3.32,4.09,Jacksonville
2019-02-01,16.9,86.0,2.14,0.0,3.36,4.92,Jacksonville
2019-03-01,16.11,77.94,2.39,0.0,5.08,6.27,Jacksonville
2019-04-01,21.01,71.38,2.45,0.0,6.09,7.31,Jacksonville
2019-05-01,26.84,64.94,2.14,0.0,6.83,7.8,Jacksonville
2019-06-01,28.05,71.62,2.16,5.27,6.01,7.79,Jacksonville
2019-07-01,28.2,74.81,1.59,5.27,5.8,7.61,Jacksonville
2019-08-01,27.83,80.69,1.81,5.27,5.66,7.11,Jacksonville
2019-09-01,27.33,72.0,2.57,0.0,5.55,6.38,Jacksonville
2019-10-01,24.2,79.44,2.23,5.27,3.93,5.18,Jacksonville
2019-11-01,15.19,82.12,2.16,0.0,3.33,4.21,Jacksonville
2019-12-01,14.97,85.25,2.55,5.27,2.72,3.64,Jacksonville
,21.54,77.44,2.21,5.27,4.81,6.03,Jacksonville
2020-01-01,13.71,81.88,2.45,0.0,3.16,3.97,Jacksonville
2020-02-01,14.46,81.88,2.5,5.27,3.68,5.0,Jacksonville
2020-03-01,20.37,75.81,2.16,0.0,5.23,6.17,Jacksonville
2020-04-01,21.24,72.94,2.46,5.27,5.55,7.22,Jacksonville
2020-05-01,23.83,68.5,2.34,0.0,6.48,7.91,Jacksonville
2020-06-01,26.11,79.06,1.86,5.27,5.84,7.79,Jacksonville
2020-07-01,27.87,78.88,1.94,5.27,6.26,7.73,Jacksonville
2020-08-01,27.65,81.81,1.67,5.27,5.46,7.05,Jacksonville
2020-09-01,25.51,86.25,2.18,5.27,4.55,6.25,Jacksonville
2020-10-01,22.98,86.94,2.21,5.27,3.83,5.13,Jacksonville
2020-11-01,19.18,85.5,2.49,0.0,3.4,4.18,Jacksonville
2020-12-01,11.12,80.88,2.22,0.0,3.05,3.75,Jacksonville
,21.19,80.0,2.2,5.27,4.71,6.01,Jacksonville
2021-01-01,12.26,82.0,2.32,1.53,3.09,4.03,Jacksonville
2021-02-01,14.37,83.62,2.32,5.09,3.52,4.95,Jacksonville
2021-03-01,17.58,79.88,2.45,1.87,4.84,6.19,Jacksonville
2021-04-01,19.85,69.5,2.23,3.12,6.04,7.31,Jacksonville
2021-05-01,24.23,63.69,2.54,0.77,6.71,7.88,Jacksonville
2021-06-01,26.75,77.38,2.09,5.81,5.28,7.84,Jacksonville
2021-07-01,26.8,84.44,1.8,7.64,5.55,7.55,Jacksonville
2021-08-01,27.15,86.56,1.76,7.12,5.08,7.01,Jacksonville
2021-09-01,25.19,84.12,1.62,4.87,5.15,6.28,Jacksonville
2021-10-01,22.15,84.62,1.87,2.49,4.38,5.23,Jacksonville
2021-11-01,14.16,84.56,2.19,2.48,3.35,4.22,Jacksonville
2021-12-01,16.58,89.19,2.02,1.72,2.97,3.62,Jacksonville
,20.63,80.81,2.1,3.69,4.67,6.01,Jacksonville
2018-01-01,4.78,62.25,4.98,0.0,3.45,4.05,Fort Worth
2018-02-01,8.0,76.38,4.76,5.27,2.75,4.77,Fort Worth
2018-03-01,14.37,71.88,4.87,0.0,5.07,6.29,Fort Worth
2018-04-01,15.64,63.56,5.2,0.0,6.01,7.42,Fort Worth
2018-05-01,25.87,64.88,4.41,0.0,6.78,7.87,Fort Worth
2018-06-01,30.77,54.06,5.06,0.0,7.22,8.03,Fort Worth
2018-07-01,32.34,45.88,3.53,0.0,6.79,7.78,Fort Worth
2018-08-01,29.2,60.44,3.76,0.0,6.19,7.16,Fort Worth
2018-09-01,24.73,79.88,3.11,5.27,4.33,6.24,Fort Worth
2018-10-01,17.58,84.69,3.94,10.55,3.34,5.07,Fort Worth
2018-11-01,9.17,78.69,4.43,0.0,3.36,4.2,Fort Worth
2018-12-01,6.98,81.31,4.56,0.0,2.55,3.59,Fort Worth
,18.35,68.62,4.38,5.27,4.83,6.05,Fort Worth
2019-01-01,5.45,79.0,4.72,0.0,2.85,3.94,Fort Worth
2019-02-01,8.65,79.06,4.73,0.0,2.82,4.94,Fort Worth
2019-03-01,11.51,70.06,4.88,0.0,4.72,6.29,Fort Worth
2019-04-01,17.94,72.38,5.23,5.27,5.57,7.32,Fort Worth
2019-05-01,22.13,80.75,4.79,5.27,5.56,7.72,Fort Worth
2019-06-01,26.11,76.31,3.86,5.27,6.59,7.99,Fort Worth
2019-07-01,29.34,61.81,4.02,0.0,7.22,7.92,Fort Worth
2019-08-01,31.8,54.56,3.63,0.0,6.22,7.14,Fort Worth
2019-09-01,29.66,56.06,4.09,0.0,5.79,6.28,Fort Worth
2019-10-01,18.68,57.94,5.02,0.0,4.22,5.23,Fort Worth
2019-11-01,10.55,72.44,4.28,0.0,3.07,4.11,Fort Worth
2019-12-01,8.31,72.06,4.02,0.0,2.96,3.61,Fort Worth
,18.4,69.31,4.44,0.0,4.81,6.05,Fort Worth
2020-01-01,8.57,77.12,4.69,0.0,2.78,3.86,Fort Worth
2020-02-01,7.83,74.31,5.11,0.0,3.53,4.99,Fort Worth
2020-03-01,15.82,81.31,4.69,5.27,3.77,6.08,Fort Worth
2020-04-01,16.74,73.31,4.73,0.0,5.37,7.35,Fort Worth
2020-05-01,22.55,72.38,4.76,5.27,6.46,7.93,Fort Worth
2020-06-01,27.15,64.75,4.19,5.27,7.25,8.18,Fort Worth
2020-07-01,30.4,61.88,3.77,0.0,6.79,7.81,Fort Worth
2020-08-01,31.14,49.56,3.78,0.0,6.9,7.3,Fort Worth
2020-09-01,23.39,73.81,3.7,5.27,4.6,6.04,Fort Worth
2020-10-01,18.02,63.38,4.52,0.0,4.22,5.11,Fort Worth
2020-11-01,14.21,67.31,4.47,0.0,3.45,4.09,Fort Worth
2020-12-01,7.78,66.75,4.77,0.0,2.9,3.65,Fort Worth
,18.67,68.75,4.43,0.0,4.84,6.03,Fort Worth
2021-01-01,6.61,75.38,4.56,0.68,3.03,3.94,Fort Worth
2021-02-01,3.85,70.81,5.28,0.94,3.25,4.99,Fort Worth
2021-03-01,14.55,64.69,5.56,1.53,5.12,6.31,Fort Worth
2021-04-01,17.1,64.44,5.01,3.8,4.99,7.25,Fort Worth
2021-05-01,20.97,81.94,4.19,5.75,4.74,7.75,Fort Worth
2021-06-01,26.01,79.06,3.51,2.65,6.42,7.99,Fort Worth
2021-07-01,28.65,67.88,3.12,1.72,6.6,7.62,Fort Worth
2021-08-01,28.94,66.19,3.67,3.36,6.13,7.09,Fort Worth
2021-09-01,27.42,49.25,3.34,1.11,5.74,6.26,Fort Worth
2021-10-01,20.9,62.81,4.62,2.1,4.59,5.22,Fort Worth
2021-11-01,12.87,66.69,4.42,1.34,3.48,4.1,Fort Worth
2021-12-01,14.01,67.69,4.59,0.16,2.79,3.53,Fort Worth
,18.58,68.06,4.32,2.1,4.75,6.01,Fort Worth
2018-01-01,7.26,64.25,4.38,0.0,3.34,4.26,Austin
2018-02-01,12.3,77.94,4.77,0.0,2.36,4.86,Austin
2018-03-01,17.78,68.38,4.71,0.0,4.85,6.38,Austin
2018-04-01,18.62,63.25,4.9,0.0,5.76,7.42,Austin
2018-05-01,26.26,66.0,4.05,5.27,6.5,7.86,Austin
2018-06-01,29.59,63.62,4.8,0.0,6.92,7.98,Austin
2018-07-01,30.86,54.88,3.68,0.0,7.02,7.8,Austin
2018-08-01,30.48,56.69,3.91,0.0,6.51,7.24,Austin
2018-09-01,25.64,80.5,2.97,5.27,4.32,6.29,Austin
2018-10-01,19.85,83.69,4.13,5.27,3.39,5.23,Austin
2018-11-01,11.99,75.94,4.29,0.0,3.18,4.36,Austin
2018-12-01,10.14,77.06,4.56,5.27,2.74,3.84,Austin
,20.12,69.25,4.26,5.27,4.76,6.13,Austin
2019-01-01,8.83,77.81,4.24,0.0,3.06,4.18,Austin
2019-02-01,11.75,80.12,4.3,0.0,2.93,5.09,Austin
2019-03-01,14.19,72.81,4.6,0.0,4.47,6.4,Austin
2019-04-01,19.33,73.81,4.88,5.27,5.63,7.39,Austin
2019-05-01,23.78,80.69,4.67,5.27,5.22,7.65,Austin
2019-06-01,27.06,75.38,3.72,5.27,6.39,7.92,Austin
2019-07-01,29.18,64.31,4.01,0.0,7.3,7.88,Austin
2019-08-01,32.04,54.38,3.59,0.0,6.54,7.21,Austin
2019-09-01,30.19,57.38,3.87,0.0,5.77,6.42,Austin
2019-10-01,21.15,59.94,4.48,0.0,4.23,5.37,Austin
2019-11-01,13.56,70.5,4.13,0.0,2.99,4.27,Austin
2019-12-01,11.27,67.75,3.9,0.0,3.21,3.87,Austin
,20.24,69.5,4.2,0.0,4.82,6.14,Austin
2020-01-01,12.26,73.06,4.23,0.0,2.98,4.11,Austin
2020-02-01,11.35,70.31,4.88,0.0,3.53,5.18,Austin
2020-03-01,19.3,76.88,4.41,0.0,3.6,6.14,Austin
2020-04-01,19.4,72.75,4.3,5.27,5.35,7.34,Austin
2020-05-01,23.88,71.06,4.41,5.27,6.42,7.91,Austin
2020-06-01,27.48,66.12,3.95,0.0,6.72,8.07,Austin
2020-07-01,30.58,60.88,4.13,0.0,6.75,7.79,Austin
2020-08-01,31.37,53.31,3.76,0.0,6.78,7.33,Austin
2020-09-01,24.43,75.19,4.34,5.27,4.46,6.17,Austin
2020-10-01,20.78,65.12,4.05,0.0,4.46,5.29,Austin
2020-11-01,17.45,64.31,3.81,0.0,3.61,4.31,Austin
2020-12-01,10.73,66.81,4.27,0.0,3.09,3.87,Austin
,20.79,67.94,4.21,0.0,4.82,6.13,Austin
2021-01-01,9.82,71.81,4.27,0.85,3.29,4.16,Austin
2021-02-01,7.36,72.56,4.86,0.94,3.37,5.11,Austin
2021-03-01,16.8,64.69,5.2,0.68,4.96,6.42,Austin
2021-04-01,19.94,64.0,4.88,1.8,4.88,7.22,Austin
2021-05-01,23.2,80.5,4.42,6.28,4.95,7.67,Austin
2021-06-01,26.98,77.31,3.52,3.24,6.25,7.88,Austin
2021-07-01,27.8,74.12,3.16,2.75,6.02,7.58,Austin
2021-08-01,29.08,69.25,3.38,2.21,6.08,7.15,Austin
2021-09-01,27.59,57.06,3.28,1.81,5.82,6.39,Austin
2021-10-01,22.52,67.81,3.93,3.63,4.68,5.38,Austin
2021-11-01,15.02,70.0,3.91,1.73,3.56,4.33,Austin
2021-12-01,16.79,76.75,4.25,0.66,2.72,3.7,Austin
,20.33,70.5,4.09,2.23,4.72,6.09,Austin
2018-01-01,10.05,88.38,2.37,5.27,2.24,3.2,San Jose
2018-02-01,9.41,72.62,2.97,0.0,4.17,4.49,San Jose
2018-03-01,10.3,80.12,3.11,5.27,4.38,5.95,San Jose
2018-04-01,12.04,79.62,3.27,0.0,6.24,7.37,San Jose
2018-05-01,14.11,74.75,4.11,0.0,7.42,8.23,San Jose
2018-06-01,17.31,66.06,4.41,0.0,8.64,8.84,San Jose
2018-07-01,20.47,57.5,4.2,0.0,8.13,8.31,San Jose
2018-08-01,18.93,63.12,3.8,0.0,7.26,7.41,San Jose
2018-09-01,18.16,62.56,3.33,0.0,6.31,6.42,San Jose
2018-10-01,16.85,61.62,2.72,0.0,4.64,4.87,San Jose
2018-11-01,13.37,53.94,2.62,5.27,2.98,3.46,San Jose
2018-12-01,8.9,83.12,2.7,0.0,2.32,2.92,San Jose
,14.19,70.31,3.3,0.0,5.4,5.96,San Jose
2019-01-01,9.66,83.81,3.14,5.27,2.36,3.25,San Jose
2019-02-01,7.3,86.19,4.25,10.55,3.08,4.45,San Jose
2019-03-01,10.23,83.94,3.02,5.27,4.46,5.91,San Jose
2019-04-01,13.31,82.88,3.21,0.0,6.19,7.29,San Jose
2019-05-01,12.87,81.44,3.8,0.0,6.67,8.2,San Jose
2019-06-01,18.0,66.5,3.84,0.0,8.33,8.73,San Jose
2019-07-01,18.65,66.75,4.44,0.0,8.3,8.47,San Jose
2019-08-01,20.95,61.62,3.9,0.0,7.44,7.64,San Jose
2019-09-01,19.79,62.75,3.64,0.0,6.11,6.38,San Jose
2019-10-01,16.23,48.38,2.95,0.0,4.86,4.94,San Jose
2019-11-01,12.93,63.62,2.29,0.0,3.17,3.51,San Jose
2019-12-01,9.43,88.56,3.13,5.27,1.96,2.85,San Jose
,14.15,73.0,3.46,0.0,5.25,5.98,San Jose
2020-01-01,8.48,90.0,2.62,0.0,2.46,3.24,San Jose
2020-02-01,10.23,76.56,2.99,0.0,4.41,4.51,San Jose
2020-03-01,10.05,79.75,2.73,0.0,4.38,5.89,San Jose
2020-04-01,12.68,77.94,3.38,0.0,6.16,7.33,San Jose
2020-05-01,16.63,67.0,3.78,0.0,7.47,8.36,San Jose
2020-06-01,18.98,60.31,4.33,0.0,8.45,8.75,San Jose
2020-07-01,19.19,60.81,4.26,0.0,8.4,8.52,San Jose
2020-08-01,21.76,56.56,3.78,0.0,6.96,7.27,San Jose
2020-09-01,20.79,60.56,2.92,0.0,5.43,5.67,San Jose
2020-10-01,19.16,49.38,2.59,0.0,4.44,4.6,San Jose
2020-11-01,11.42,67.69,2.73,0.0,3.27,3.57,San Jose
2020-12-01,8.93,76.81,2.66,0.0,2.54,2.94,San Jose
,14.87,68.56,3.23,0.0,5.36,5.89,San Jose
2021-01-01,9.23,79.75,2.83,3.4,2.51,3.28,San Jose
2021-02-01,9.37,78.88,3.3,1.13,3.93,4.51,San Jose
2021-03-01,9.61,74.19,3.38,1.36,5.2,6.03,San Jose
2021-04-01,12.16,72.31,3.77,0.08,7.13,7.52,San Jose
2021-05-01,15.15,65.69,4.56,0.01,8.26,8.44,San Jose
2021-06-01,18.52,61.5,4.56,0.01,8.59,8.71,San Jose
2021-07-01,19.57,58.56,4.45,0.01,8.12,8.32,San Jose
2021-08-01,19.53,62.81,3.91,0.0,6.94,7.12,San Jose
2021-09-01,19.19,60.12,3.34,0.08,6.19,6.25,San Jose
2021-10-01,15.73,65.25,3.41,4.42,4.2,4.76,San Jose
2021-11-01,12.08,82.44,2.48,0.84,3.03,3.53,San Jose
2021-12-01,8.23,89.25,3.03,6.98,1.98,2.91,San Jose
,14.05,70.88,3.59,1.54,5.51,5.95,San Jose
2018-01-01,2.19,72.56,2.35,0.0,2.93,3.62,Charlotte
2018-02-01,11.46,84.12,2.55,5.27,2.71,4.42,Charlotte
2018-03-01,8.79,75.69,2.83,5.27,4.34,5.99,Charlotte
2018-04-01,14.17,73.12,2.73,5.27,5.59,7.31,Charlotte
2018-05-01,22.55,77.88,1.97,5.27,5.98,7.79,Charlotte
2018-06-01,26.48,73.31,1.72,0.0,6.75,8.0,Charlotte
2018-07-01,27.03,69.94,1.64,5.27,6.15,7.76,Charlotte
2018-08-01,26.53,74.31,1.52,5.27,6.02,6.99,Charlotte
2018-09-01,25.51,78.69,2.17,5.27,4.34,5.98,Charlotte
2018-10-01,16.9,81.19,2.09,5.27,3.86,4.91,Charlotte
2018-11-01,8.55,85.5,2.3,5.27,2.67,3.73,Charlotte
2018-12-01,6.98,88.06,2.24,5.27,1.98,3.13,Charlotte
,16.44,77.81,2.17,5.27,4.45,5.81,Charlotte
2019-01-01,5.62,83.44,2.39,5.27,2.62,3.55,Charlotte
2019-02-01,8.99,85.12,2.34,5.27,2.81,4.51,Charlotte
2019-03-01,9.74,80.06,2.38,0.0,4.49,6.03,Charlotte
2019-04-01,16.38,81.0,2.51,5.27,5.32,7.19,Charlotte
2019-05-01,22.71,78.38,2.02,0.0,6.45,7.84,Charlotte
2019-06-01,24.27,75.12,2.0,5.27,6.34,7.92,Charlotte
2019-07-01,27.56,68.19,1.64,5.27,6.37,7.74,Charlotte
2019-08-01,26.69,70.19,1.52,5.27,5.59,7.01,Charlotte
2019-09-01,26.27,63.12,1.73,0.0,5.39,6.07,Charlotte
2019-10-01,19.97,69.19,2.1,5.27,3.63,4.82,Charlotte
2019-11-01,8.37,74.94,2.25,0.0,2.91,3.78,Charlotte
2019-12-01,7.84,82.5,2.38,5.27,2.35,3.17,Charlotte
,17.08,75.88,2.1,5.27,4.53,5.81,Charlotte
2020-01-01,7.44,84.81,2.5,5.27,2.45,3.47,Charlotte
2020-02-01,8.24,86.06,2.69,5.27,2.86,4.53,Charlotte
2020-03-01,13.57,84.62,2.44,0.0,3.73,5.85,Charlotte
2020-04-01,15.23,76.5,2.78,5.27,5.92,7.37,Charlotte
2020-05-01,18.66,81.19,2.25,5.27,5.56,7.96,Charlotte
2020-06-01,23.66,80.06,2.03,0.0,6.27,8.03,Charlotte
2020-07-01,27.32,75.31,1.51,0.0,6.68,7.76,Charlotte
2020-08-01,26.33,78.56,1.56,5.27,5.31,6.98,Charlotte
2020-09-01,21.66,79.31,1.99,5.27,4.41,5.96,Charlotte
2020-10-01,17.94,82.0,1.91,0.0,3.9,4.79,Charlotte
2020-11-01,12.81,80.5,2.18,5.27,3.02,3.73,Charlotte
2020-12-01,5.33,83.5,2.26,5.27,2.55,3.2,Charlotte
,16.55,81.0,2.17,5.27,4.39,5.81,Charlotte
2021-01-01,5.03,85.0,2.2,3.57,2.53,3.5,Charlotte
2021-02-01,5.51,85.62,2.56,4.71,2.86,4.52,Charlotte
2021-03-01,11.95,79.69,2.48,2.72,4.19,5.92,Charlotte
2021-04-01,15.36,73.31,2.54,0.93,6.33,7.33,Charlotte
2021-05-01,20.15,70.25,2.12,1.85,6.18,7.9,Charlotte
2021-06-01,24.58,74.88,1.94,3.98,6.18,8.02,Charlotte
2021-07-01,26.84,70.75,1.68,3.19,6.25,7.51,Charlotte
2021-08-01,26.69,72.5,1.6,3.47,5.89,6.93,Charlotte
2021-09-01,22.94,70.12,1.8,1.89,5.0,6.05,Charlotte
2021-10-01,19.15,71.88,2.04,1.15,3.81,4.84,Charlotte
2021-11-01,9.6,62.62,2.32,0.76,3.44,3.85,Charlotte
2021-12-01,10.79,76.5,2.36,2.0,2.32,3.08,Charlotte
,16.62,74.38,2.13,2.51,4.59,5.79,Charlotte
2018-01-01,-4.26,85.69,5.18,0.0,2.01,3.06,Columbus
2018-02-01,1.94,85.62,5.17,5.27,2.07,3.98,Columbus
2018-03-01,1.78,79.06,5.1,0.0,3.92,5.72,Columbus
2018-04-01,7.01,78.38,4.74,5.27,4.61,7.1,Columbus
2018-05-01,20.11,81.06,3.94,0.0,5.86,7.56,Columbus
2018-06-01,22.05,81.94,3.35,5.27,5.85,7.93,Columbus
2018-07-01,23.46,73.31,2.8,0.0,6.24,7.74,Columbus
2018-08-01,23.56,75.69,3.24,0.0,5.36,6.77,Columbus
2018-09-01,21.09,79.19,3.32,5.27,3.89,5.63,Columbus
2018-10-01,12.58,78.12,4.4,0.0,3.12,4.42,Columbus
2018-11-01,2.22,85.5,4.31,5.27,1.72,3.19,Columbus
2018-12-01,0.71,89.94,4.22,5.27,1.5,2.63,Columbus
,11.07,81.06,4.14,5.27,3.86,5.48,Columbus
2019-01-01,-3.11,85.69,5.53,0.0,1.56,3.08,Columbus
2019-02-01,-0.13,87.25,5.34,5.27,2.43,4.11,Columbus
2019-03-01,2.15,81.25,4.87,5.27,3.54,5.63,Columbus
2019-04-01,11.07,81.69,4.58,5.27,4.43,6.88,Columbus
2019-05-01,17.47,83.25,4.12,5.27,5.32,7.64,Columbus
2019-06-01,20.34,82.25,4.05,5.27,5.7,7.91,Columbus
2019-07-01,24.08,80.69,2.85,0.0,6.39,7.67,Columbus
2019-08-01,22.52,73.5,3.25,0.0,5.84,7.0,Columbus
2019-09-01,22.02,67.69,3.34,0.0,5.13,5.79,Columbus
2019-10-01,14.07,69.62,4.21,0.0,3.47,4.48,Columbus
2019-11-01,2.38,77.19,4.28,0.0,2.36,3.28,Columbus
2019-12-01,1.59,85.94,4.77,0.0,1.57,2.62,Columbus
,11.26,79.62,4.26,0.0,3.99,5.51,Columbus
2020-01-01,0.76,84.56,4.85,5.27,1.59,2.96,Columbus
2020-02-01,-0.24,85.5,4.83,0.0,2.25,4.09,Columbus
2020-03-01,6.76,82.94,5.04,5.27,3.22,5.56,Columbus
2020-04-01,8.67,78.5,4.89,5.27,4.65,7.09,Columbus
2020-05-01,14.63,80.38,4.52,5.27,5.11,7.87,Columbus
2020-06-01,21.12,77.31,3.55,0.0,6.28,8.11,Columbus
2020-07-01,25.23,69.38,2.75,0.0,6.72,7.83,Columbus
2020-08-01,23.18,69.38,2.84,0.0,5.19,6.85,Columbus
2020-09-01,18.83,69.44,3.58,0.0,4.59,5.56,Columbus
2020-10-01,12.03,75.0,3.88,5.27,2.9,4.35,Columbus
2020-11-01,7.12,77.25,4.91,0.0,2.48,3.21,Columbus
2020-12-01,-0.1,85.38,4.77,0.0,1.52,2.69,Columbus
,11.54,77.88,4.2,0.0,3.88,5.52,Columbus
2021-01-01,-1.53,85.62,4.31,1.7,1.61,3.02,Columbus
2021-02-01,-4.72,89.94,4.92,1.32,2.38,4.19,Columbus
2021-03-01,6.47,75.56,5.3,2.04,4.45,5.75,Columbus
2021-04-01,10.51,75.12,4.52,1.99,4.94,7.01,Columbus
2021-05-01,15.28,73.12,3.61,2.88,5.65,7.89,Columbus
2021-06-01,22.28,74.81,3.72,2.43,5.92,7.99,Columbus
2021-07-01,23.35,73.06,3.26,3.87,5.71,7.35,Columbus
2021-08-01,24.34,70.69,2.73,2.76,5.28,6.69,Columbus
2021-09-01,19.8,69.44,3.88,2.57,4.6,5.71,Columbus
2021-10-01,15.79,77.81,3.79,3.09,2.94,4.35,Columbus
2021-11-01,3.98,77.06,4.34,1.3,2.5,3.3,Columbus
2021-12-01,3.91,84.12,4.7,3.19,1.57,2.59,Columbus
,11.73,77.12,4.09,2.44,3.97,5.49,Columbus
